﻿<?xml version="1.0" encoding="utf-8"?><HelpTOCNode Title="Employee Properties" Url="html/4d189970-8c01-1709-7d54-232a06e4962a.htm"><HelpTOCNode Title="Address Property" Url="html/4bef0108-7332-55a8-826f-75e9ca2469f8.htm" /><HelpTOCNode Title="BirthDate Property" Url="html/6b2d0ad9-5bfb-1fa1-09a9-d3f5d89a202f.htm" /><HelpTOCNode Title="City Property" Url="html/1d6e6909-6647-9419-d3ac-ece352302b5c.htm" /><HelpTOCNode Title="Country Property" Url="html/04dbf564-17cd-cba8-aa6d-2509a7980f46.htm" /><HelpTOCNode Title="EmployeeId Property" Url="html/5ebe6408-4bd8-1443-8be4-36dd1914249e.htm" /><HelpTOCNode Title="Extension Property" Url="html/c80d518b-7167-8801-055d-3c90ccd8045f.htm" /><HelpTOCNode Title="FirstName Property" Url="html/82b1fb2d-5d1b-8c4e-6195-362cbd48c5b7.htm" /><HelpTOCNode Title="HireDate Property" Url="html/f8396cce-7346-172e-0f12-1f57090d6e75.htm" /><HelpTOCNode Title="HomePhone Property" Url="html/7e29db17-bd4d-aa6a-c996-547321ebe705.htm" /><HelpTOCNode Title="InverseReportsToNavigation Property" Url="html/6d14cada-ea08-5d3f-f2c1-18d48af53efd.htm" /><HelpTOCNode Title="LastName Property" Url="html/e98835f9-394d-6905-e852-98d74347ee7e.htm" /><HelpTOCNode Title="Notes Property" Url="html/06f1dfa3-a7a2-1084-eb17-f8a96a9b192c.htm" /><HelpTOCNode Title="Orders Property" Url="html/884cc2a2-ec45-3953-2e6b-2bb2b093c392.htm" /><HelpTOCNode Title="Photo Property" Url="html/b57ac951-5f45-1f23-25c8-934da7d41e6d.htm" /><HelpTOCNode Title="PhotoPath Property" Url="html/2d4eb135-9ed5-4672-c6f5-c9a7584de8b6.htm" /><HelpTOCNode Title="PostalCode Property" Url="html/ac21f616-e4db-be53-a512-1068e3bde250.htm" /><HelpTOCNode Title="Region Property" Url="html/4d319864-65cf-3fd2-4e93-46e8a7ce3fb4.htm" /><HelpTOCNode Title="ReportsTo Property" Url="html/73b388b1-1b3b-6aba-5cd9-f66a8f9cfe6b.htm" /><HelpTOCNode Title="ReportsToNavigation Property" Url="html/dd2749d7-3f73-9564-6268-2a28d8a0984a.htm" /><HelpTOCNode Title="Title Property" Url="html/a7cad3fa-e205-176f-39e3-ceca4471f349.htm" /><HelpTOCNode Title="TitleOfCourtesy Property" Url="html/4321e110-a0d2-5112-e6e4-a298571ec175.htm" /></HelpTOCNode>