﻿<?xml version="1.0" encoding="utf-8"?><HelpTOCNode Title="Supplier Properties" Url="html/1bf5b213-2a7f-88e3-3e71-a57e01e59566.htm"><HelpTOCNode Title="Address Property" Url="html/1bb6b611-44de-7ae1-5c46-f151977aa8d7.htm" /><HelpTOCNode Title="City Property" Url="html/2e323648-424c-880b-3051-51b6967963db.htm" /><HelpTOCNode Title="CompanyName Property" Url="html/40f0b305-48bc-289a-ae0d-a3d0daf45455.htm" /><HelpTOCNode Title="ContactName Property" Url="html/d795a3ae-2017-db06-d9ff-87b7b4a54d05.htm" /><HelpTOCNode Title="ContactTitle Property" Url="html/2e757b55-bbb2-2692-11b7-cd7412b05cef.htm" /><HelpTOCNode Title="Country Property" Url="html/3b78339a-05e8-74e5-580c-c77bd86a4720.htm" /><HelpTOCNode Title="Fax Property" Url="html/f68764fa-987c-c518-a793-64f75a493426.htm" /><HelpTOCNode Title="HomePage Property" Url="html/5db19559-2dcd-9582-8248-af5d383968bf.htm" /><HelpTOCNode Title="Phone Property" Url="html/2021955a-62a2-1b86-ffcd-1703f16db48b.htm" /><HelpTOCNode Title="PostalCode Property" Url="html/d022133b-370b-d183-f066-fa587c0c2a3e.htm" /><HelpTOCNode Title="Products Property" Url="html/6cf2cc09-90d6-2fb0-7faf-d6b90d067b3f.htm" /><HelpTOCNode Title="Region Property" Url="html/78378e0a-80b2-1675-8c75-2dda6230e8f6.htm" /><HelpTOCNode Title="SupplierId Property" Url="html/598ca27d-36a3-7a0c-2cf0-75917f2871ae.htm" /></HelpTOCNode>