﻿<?xml version="1.0" encoding="utf-8"?><HelpTOCNode Title="Order Properties" Url="html/ce23d1f8-d5d4-e96c-be10-deaccc26295e.htm"><HelpTOCNode Title="Customer Property" Url="html/145a44f2-15b7-b4e5-4371-52ebd6950eca.htm" /><HelpTOCNode Title="CustomerId Property" Url="html/b647c5f6-002c-ba82-d5fe-d36e6d616701.htm" /><HelpTOCNode Title="Employee Property" Url="html/a2a66859-b853-a40e-0050-b03f5e0aff3b.htm" /><HelpTOCNode Title="EmployeeId Property" Url="html/643851d5-6732-d123-3005-6e590bd42e26.htm" /><HelpTOCNode Title="Freight Property" Url="html/1d7e3304-aa2d-396c-da61-c7d631830f09.htm" /><HelpTOCNode Title="OrderDate Property" Url="html/2f8b7149-bbde-020f-6116-6ad672e39ceb.htm" /><HelpTOCNode Title="OrderDetails Property" Url="html/17b6199f-6088-f4b2-bbfb-2f1843eca126.htm" /><HelpTOCNode Title="OrderId Property" Url="html/cea40239-9bc5-5bdc-dbd5-9d3ecfd4e826.htm" /><HelpTOCNode Title="RequiredDate Property" Url="html/e2dac98a-a044-9449-eeae-ee78de712c48.htm" /><HelpTOCNode Title="ShipAddress Property" Url="html/09776f16-2666-25f2-ec74-1a79fc9aeece.htm" /><HelpTOCNode Title="ShipCity Property" Url="html/8dbea87c-2514-3fbe-9baa-d988be7f2ee6.htm" /><HelpTOCNode Title="ShipCountry Property" Url="html/fa48b539-8e9d-0adc-8551-c91ff0c6687c.htm" /><HelpTOCNode Title="ShipName Property" Url="html/623020c0-878d-bbc3-ae30-16bec26dd76c.htm" /><HelpTOCNode Title="ShippedDate Property" Url="html/a706cf32-1d73-e447-e0f8-c55241c75df4.htm" /><HelpTOCNode Title="ShipPostalCode Property" Url="html/a08cdfba-a511-5d1c-ded0-403181418034.htm" /><HelpTOCNode Title="ShipRegion Property" Url="html/0ffd5c33-9a95-5fda-dd51-62d7ae1908a4.htm" /><HelpTOCNode Title="ShipVia Property" Url="html/679aec67-7d4e-7c15-db10-c0b7b72c685f.htm" /><HelpTOCNode Title="ShipViaNavigation Property" Url="html/f4917dfe-1eee-f45f-1b07-5545560b562b.htm" /></HelpTOCNode>